"Filter";""
"Acid Drinkers";""
"Maroon 5";""
"Slipknot";""
"Taylor Swift";""
"God Is An Astronaut";""
"Four Stroke Baron";""
"Russian Circles";""
"Serj Tankian";""
"Hollywood Undead";""
"Agnieszka Chylinska";""
"Royal Republic";""
"Deriglasoff";""
"Shakira";""
"Gojira";""
"Pelican";""
"Porcelain Black";""
"Toska";""
"Volbeat";""
"Red Hot Chili Peppers";""
"The Creatures";""
"M.I.A.";""
"Kvelertak";""
"Mercyful Fate";""
"Ellie Goulding";""
"Skyharbor";""
"Type O Negative";""
"Mötley Crüe";""
"Bonobo";""
"Sex Bob-Omb";""
"Buckethead";""
"Device";""
"Berried Alive";""
"Republika";""
"Machine Head";""
"Avenged Sevenfold";""
"Tunguska Project";""
"Polaris";""
"The Rumjacks";""
"Buckcherry";""
"Muse";""
"CloZee";""
"Pantera";""
"The Algorithm";""
"Limp Bizkit";""
"Oh Hiroshima";""
"Dwa Sławy";""
"Tides from nebula";""
"Arcane";""
"Motörhead";""
"Mastodon";""
"Drowning Pool";""
"Atmosphere";""
"Lady Gaga";""
"Bassnectar";""
"P!nk";""
"Dimension";""
"Ghost";""
"Mile";""
"Nocny Kochanek";""
"Jonathan Davis";""
"Ooah";""
"Street Sweeper Social Club";""
"BI•AS";""
"The Lonely Island";""
"Prophets Of Rage";""
"Christina Aguilera";""
"Hurrockaine";""
"Illusion";""
"Karma To Burn";""
"Pain of Salvation";""
"Pearl Jam";""
"Loser";""
"RAU";""
"Clawfinger";""
"Jelonek";""
"Knife Party";""
"If These Trees Could Talk";""
"Amaranthe";""
"I Am Waiting for You Last Summer";""
"Nightwish";""
"Mudvayne";""
"Coma";""
"Marilyn Manson";""
"Myles Kennedy";""
"Dream Theater";""
"Rage Against The Machine";""
"OVERWERK";""
"Aesop Rock";""
"Wang Wen";""
"PANTyRAiD";""
"Dead by April";""
"Judas Priest";""
"ISIS";""
"TOOL";""
"Beats Antique";""
"Enter Shikari";""
"Maybeshewill";""
"Led Zeppelin";""
"Killswitch Engage";""
"Kultur Shock";""
"Caravan Palace";""
"Gorillaz";""
"NOVA";""
"edIT";""
"Rob Zombie";""
"Baroness";""
"Sister Sin";""
"Kult";""
"Korn";"UC6ly_u2ufiHGpYzC_28-8zw"
"Nujabes";""
"Long Distance Calling";""
"Disturbed";""
"CKY";""
"The Glitch Mob";""
"Meshuggah";""
"Transgresja";""
"Weezer";""
"Skindred";""
"Hollywood Vampires";""
"Steel Panther";""
"Champagne Drip";""
"JAY Z";""
"Sabaton";""
"Guns N' Roses";""
"Kontrust";""
"Sleep Dealer";""
"Wolfmother";""
"Hey";""
"Creed";""
"Tremonti";""
"Stone Sour";""
"Slash";""
"A Perfect Circle";""
"Alter Bridge";""
"Strachy Na Lachy";""
"Brian "Head" Welch";""
"Born Of Osiris";""
"Flyleaf";""
"Greta Van Fleet";""
"Lacuna Coil";""
"Cypress Hill";""
"Soil";""
"Boogie Belgique";""
"Radiohead";""
"ill.gates";""
"Adam Levine";""
"Roller Genoa";""
"Electric Wizard";""
"HELLYEAH";""
"Crazy Town";""
"Pretty Lights";""
"AWOLNATION";""
"Love and Death";""
"Kraddy";""
"Boreta";""
"Julie Christmas";""
"Daft Punk";""
"Guano Apes";""
"Them Crooked Vultures";""
"Dead By Sunrise";""
"Night Verses";""
"In Flames";""
"Unders";""
"Breaking Benjamin";""
"Excision";""
"Leo";""
"The Offspring";""
"The Police";""
"System Of A Down";""
"Cilver";""
"Skrillex";""
"Powerman 5000";""
"Flogging Molly";""
"Tycho";""
"Five Finger Death Punch";""
"Daron Malakian and Scars On Broadway";""
"Soundgarden";""
"End.user";""
"Iggy Azalea";"UCGtjnDLpKGWKU6xtjB0NeKA"
"The One Hundred";""
"BABYMETAL";""
"Alice In Chains";""
"Animals As Leaders";""
"Ariana Grande";""
"Sithu Aye";""
"Nonpoint";""
"Hyper";""
"Dr. Dre";""
"Butcher Babies";""
"Faith No More";""
"Emancipator";""
"P.O.D.";""
"Motionless In White";""
"Lipali";""
"Infected Mushroom";""
"Rainbow";""
"Linkin Park";""
"pg.lost";""
"Bong-Ra";""
"Godsmack";""
"Katy Perry";""
"DIAMANTE";""
"Portishead";""
"Iron Maiden";""
"Prop Dylan";""
"Halestorm";""
"Billie Eilish";""
"In This Moment";""
"Madonna";""
"Die Antwoord";""
"Airbourne";""
"Rammstein";""
"Mike Shinoda";""
"AC/DC";""
"Mouth Of The Architect";""
"Paramore";""
"Andy C";""
"Siq";""
"Clock Machine";""
"Danko Jones";""
"Wayne Static";""
"Cult Of Luna";""
"Cunninlynguists";""
"We Lost The Sea";""
"Static-X";""
"lostprophets";""
"Arctic Monkeys";""
"Eminem";""
"Fort Minor";""
"Hilltop Hoods";""
"Dope";""
"Transmission Zero";""
"Bullet For My Valentine";""
"Foo Fighters";""
"John 5";""
"Dave Grohl";""
"The Black Keys";""
"Flux Pavilion";""
"Creo";""
"And So I Watch You from Afar";""
"N'to";""
"Metalocalypse: Dethklok";""
"Dropkick Murphys";""
"Oceans";""